{
  "name": "Na sobotni obed",
  "awid": "22222222222222222222222222222222",
  "ownerId": "9586-6585-4581-0000",
  "items": [
    {
      "name": "maso vepr",
      "id": "6557390772bb7771a6a47289",
      "completed": false
    },
    {
      "name": "test",
      "id": "6557390f72bb7771a6a4728a",
      "completed": false
    },
    {
      "name": "test",
      "id": "6557397f188dd1e08f099bc8",
      "completed": true
    }
  ],
  "members": [],
  "archived": false,
  "sys": {
    "cts": "2023-11-17T09:53:26.262Z",
    "mts": "2023-11-17T11:15:04.600Z",
    "rev": 19
  },
  "id": "65573816160ec963e8ae023c"
}
